[{"model": "contenttypes.contenttype", "pk": 1, "fields": {"app_label": "admin", "model": "logentry"}}, {"model": "contenttypes.contenttype", "pk": 2, "fields": {"app_label": "auth", "model": "permission"}}, {"model": "contenttypes.contenttype", "pk": 3, "fields": {"app_label": "auth", "model": "group"}}, {"model": "contenttypes.contenttype", "pk": 4, "fields": {"app_label": "auth", "model": "user"}}, {"model": "contenttypes.contenttype", "pk": 5, "fields": {"app_label": "contenttypes", "model": "contenttype"}}, {"model": "contenttypes.contenttype", "pk": 6, "fields": {"app_label": "sessions", "model": "session"}}, {"model": "contenttypes.contenttype", "pk": 7, "fields": {"app_label": "blog", "model": "blog"}}, {"model": "contenttypes.contenttype", "pk": 8, "fields": {"app_label": "blog", "model": "blogtype"}}, {"model": "contenttypes.contenttype", "pk": 9, "fields": {"app_label": "blog", "model": "readnum"}}, {"model": "contenttypes.contenttype", "pk": 10, "fields": {"app_label": "read_statistics", "model": "readnum"}}, {"model": "contenttypes.contenttype", "pk": 11, "fields": {"app_label": "read_statistics", "model": "readdetail"}}, {"model": "contenttypes.contenttype", "pk": 12, "fields": {"app_label": "comment", "model": "comment"}}, {"model": "contenttypes.contenttype", "pk": 13, "fields": {"app_label": "likes", "model": "likerecord"}}, {"model": "contenttypes.contenttype", "pk": 14, "fields": {"app_label": "likes", "model": "likecount"}}, {"model": "contenttypes.contenttype", "pk": 15, "fields": {"app_label": "user", "model": "profile"}}, {"model": "sessions.session", "pk": "05yprazdlg3wdv2n5lqvh4v10ouar5ju", "fields": {"session_data": "NjQwYjRhYjQ1ZTQ5NDU3MDkzOGY0N2U1ZjQyZWJhZWQzYWNiZGIyMzp7Il9hdXRoX3VzZXJfaWQiOiIxIiwiX2F1dGhfdXNlcl9iYWNrZW5kIjoiZGphbmdvLmNvbnRyaWIuYXV0aC5iYWNrZW5kcy5Nb2RlbEJhY2tlbmQiLCJfYXV0aF91c2VyX2hhc2giOiI3YWE4MWViNGFiMmE2YzM0ZGQyZjE5ZDQyZGVlNzNlY2E0NmYzZDBhIn0=", "expire_date": "2022-12-18T09:27:48.329Z"}}, {"model": "sessions.session", "pk": "f2v9vtcn1sn327mzlnnvac1uo6po891v", "fields": {"session_data": "MTM4ZWNkMTYyODdjYThlMWNkNjg3ZTYxNTUyOTUwNjc2YTNmOTdhYzp7Il9hdXRoX3VzZXJfaWQiOiI0IiwiX2F1dGhfdXNlcl9iYWNrZW5kIjoiZGphbmdvLmNvbnRyaWIuYXV0aC5iYWNrZW5kcy5Nb2RlbEJhY2tlbmQiLCJfYXV0aF91c2VyX2hhc2giOiI1NWNjNDE3ZjU1OWI4MGNlNjk0YzE4YTVhM2UxYTdhM2M4N2VlNzNmIn0=", "expire_date": "2022-12-27T08:02:54.433Z"}}, {"model": "sessions.session", "pk": "hncoy340epqrzm2c2z0rlhgzy088848p", "fields": {"session_data": "NjQwYjRhYjQ1ZTQ5NDU3MDkzOGY0N2U1ZjQyZWJhZWQzYWNiZGIyMzp7Il9hdXRoX3VzZXJfaWQiOiIxIiwiX2F1dGhfdXNlcl9iYWNrZW5kIjoiZGphbmdvLmNvbnRyaWIuYXV0aC5iYWNrZW5kcy5Nb2RlbEJhY2tlbmQiLCJfYXV0aF91c2VyX2hhc2giOiI3YWE4MWViNGFiMmE2YzM0ZGQyZjE5ZDQyZGVlNzNlY2E0NmYzZDBhIn0=", "expire_date": "2022-12-27T08:11:37.069Z"}}, {"model": "blog.blogtype", "pk": 1, "fields": {"type_name": "Django"}}, {"model": "blog.blogtype", "pk": 2, "fields": {"type_name": "\u968f\u7b14"}}, {"model": "blog.blogtype", "pk": 3, "fields": {"type_name": "\u611f\u609f"}}, {"model": "read_statistics.readnum", "pk": 1, "fields": {"read_num": 44, "content_type": 7, "object_id": 34}}, {"model": "read_statistics.readnum", "pk": 2, "fields": {"read_num": 14, "content_type": 7, "object_id": 32}}, {"model": "read_statistics.readnum", "pk": 3, "fields": {"read_num": 2, "content_type": 7, "object_id": 28}}, {"model": "read_statistics.readnum", "pk": 4, "fields": {"read_num": 4, "content_type": 7, "object_id": 29}}, {"model": "read_statistics.readnum", "pk": 5, "fields": {"read_num": 3, "content_type": 7, "object_id": 31}}, {"model": "read_statistics.readnum", "pk": 6, "fields": {"read_num": 4, "content_type": 7, "object_id": 30}}, {"model": "read_statistics.readnum", "pk": 7, "fields": {"read_num": 23, "content_type": 7, "object_id": 33}}, {"model": "read_statistics.readnum", "pk": 8, "fields": {"read_num": 1, "content_type": 7, "object_id": 27}}, {"model": "read_statistics.readnum", "pk": 9, "fields": {"read_num": 2, "content_type": 7, "object_id": 26}}, {"model": "read_statistics.readdetail", "pk": 1, "fields": {"date": "2022-12-05", "read_num": 3, "content_type": 7, "object_id": 34}}, {"model": "read_statistics.readdetail", "pk": 2, "fields": {"date": "2022-12-05", "read_num": 1, "content_type": 7, "object_id": 33}}, {"model": "read_statistics.readdetail", "pk": 3, "fields": {"date": "2022-12-04", "read_num": 2, "content_type": 7, "object_id": 34}}, {"model": "read_statistics.readdetail", "pk": 4, "fields": {"date": "2022-12-06", "read_num": 6, "content_type": 7, "object_id": 34}}, {"model": "read_statistics.readdetail", "pk": 5, "fields": {"date": "2022-12-06", "read_num": 4, "content_type": 7, "object_id": 33}}, {"model": "read_statistics.readdetail", "pk": 6, "fields": {"date": "2022-12-06", "read_num": 4, "content_type": 7, "object_id": 32}}, {"model": "read_statistics.readdetail", "pk": 7, "fields": {"date": "2022-12-06", "read_num": 3, "content_type": 7, "object_id": 29}}, {"model": "read_statistics.readdetail", "pk": 8, "fields": {"date": "2022-12-06", "read_num": 3, "content_type": 7, "object_id": 30}}, {"model": "read_statistics.readdetail", "pk": 9, "fields": {"date": "2022-12-06", "read_num": 1, "content_type": 7, "object_id": 31}}, {"model": "read_statistics.readdetail", "pk": 10, "fields": {"date": "2022-12-06", "read_num": 1, "content_type": 7, "object_id": 28}}, {"model": "read_statistics.readdetail", "pk": 11, "fields": {"date": "2022-12-06", "read_num": 1, "content_type": 7, "object_id": 27}}, {"model": "read_statistics.readdetail", "pk": 12, "fields": {"date": "2022-12-06", "read_num": 1, "content_type": 7, "object_id": 26}}, {"model": "read_statistics.readdetail", "pk": 13, "fields": {"date": "2022-12-07", "read_num": 4, "content_type": 7, "object_id": 32}}, {"model": "read_statistics.readdetail", "pk": 14, "fields": {"date": "2022-12-07", "read_num": 4, "content_type": 7, "object_id": 34}}, {"model": "read_statistics.readdetail", "pk": 15, "fields": {"date": "2022-12-08", "read_num": 4, "content_type": 7, "object_id": 32}}, {"model": "read_statistics.readdetail", "pk": 16, "fields": {"date": "2022-12-08", "read_num": 2, "content_type": 7, "object_id": 33}}, {"model": "read_statistics.readdetail", "pk": 17, "fields": {"date": "2022-12-08", "read_num": 5, "content_type": 7, "object_id": 34}}, {"model": "read_statistics.readdetail", "pk": 18, "fields": {"date": "2022-12-08", "read_num": 1, "content_type": 7, "object_id": 26}}, {"model": "read_statistics.readdetail", "pk": 19, "fields": {"date": "2022-12-10", "read_num": 3, "content_type": 7, "object_id": 34}}, {"model": "read_statistics.readdetail", "pk": 20, "fields": {"date": "2022-12-10", "read_num": 3, "content_type": 7, "object_id": 33}}, {"model": "read_statistics.readdetail", "pk": 21, "fields": {"date": "2022-12-10", "read_num": 1, "content_type": 7, "object_id": 32}}, {"model": "read_statistics.readdetail", "pk": 22, "fields": {"date": "2022-12-10", "read_num": 1, "content_type": 7, "object_id": 31}}, {"model": "read_statistics.readdetail", "pk": 23, "fields": {"date": "2022-12-11", "read_num": 8, "content_type": 7, "object_id": 33}}, {"model": "read_statistics.readdetail", "pk": 24, "fields": {"date": "2022-12-11", "read_num": 2, "content_type": 7, "object_id": 34}}, {"model": "read_statistics.readdetail", "pk": 25, "fields": {"date": "2022-12-12", "read_num": 2, "content_type": 7, "object_id": 33}}, {"model": "read_statistics.readdetail", "pk": 26, "fields": {"date": "2022-12-12", "read_num": 1, "content_type": 7, "object_id": 34}}, {"model": "read_statistics.readdetail", "pk": 27, "fields": {"date": "2022-12-13", "read_num": 1, "content_type": 7, "object_id": 33}}, {"model": "read_statistics.readdetail", "pk": 28, "fields": {"date": "2022-12-13", "read_num": 1, "content_type": 7, "object_id": 34}}, {"model": "likes.likecount", "pk": 1, "fields": {"content_type": 7, "object_id": 34, "like_num": 0}}, {"model": "likes.likecount", "pk": 2, "fields": {"content_type": 7, "object_id": 33, "like_num": 1}}, {"model": "likes.likecount", "pk": 3, "fields": {"content_type": 7, "object_id": 32, "like_num": 1}}, {"model": "likes.likecount", "pk": 4, "fields": {"content_type": 7, "object_id": 31, "like_num": 0}}, {"model": "likes.likecount", "pk": 5, "fields": {"content_type": 7, "object_id": 30, "like_num": 0}}, {"model": "likes.likecount", "pk": 6, "fields": {"content_type": 7, "object_id": 29, "like_num": 0}}, {"model": "likes.likecount", "pk": 7, "fields": {"content_type": 7, "object_id": 28, "like_num": 0}}, {"model": "likes.likecount", "pk": 8, "fields": {"content_type": 12, "object_id": 43, "like_num": 0}}, {"model": "likes.likecount", "pk": 9, "fields": {"content_type": 12, "object_id": 41, "like_num": 0}}, {"model": "likes.likecount", "pk": 10, "fields": {"content_type": 12, "object_id": 42, "like_num": 0}}, {"model": "likes.likecount", "pk": 11, "fields": {"content_type": 12, "object_id": 40, "like_num": 0}}, {"model": "likes.likecount", "pk": 12, "fields": {"content_type": 12, "object_id": 39, "like_num": 0}}, {"model": "likes.likecount", "pk": 13, "fields": {"content_type": 12, "object_id": 38, "like_num": 0}}, {"model": "likes.likecount", "pk": 14, "fields": {"content_type": 12, "object_id": 37, "like_num": 0}}, {"model": "likes.likecount", "pk": 15, "fields": {"content_type": 12, "object_id": 36, "like_num": 0}}, {"model": "likes.likecount", "pk": 16, "fields": {"content_type": 12, "object_id": 35, "like_num": 0}}, {"model": "likes.likecount", "pk": 17, "fields": {"content_type": 12, "object_id": 31, "like_num": 0}}, {"model": "likes.likecount", "pk": 18, "fields": {"content_type": 12, "object_id": 32, "like_num": 0}}, {"model": "likes.likecount", "pk": 19, "fields": {"content_type": 12, "object_id": 33, "like_num": 0}}, {"model": "likes.likecount", "pk": 20, "fields": {"content_type": 12, "object_id": 34, "like_num": 0}}, {"model": "likes.likecount", "pk": 21, "fields": {"content_type": 12, "object_id": 19, "like_num": 0}}, {"model": "likes.likecount", "pk": 22, "fields": {"content_type": 12, "object_id": 20, "like_num": 0}}, {"model": "likes.likecount", "pk": 23, "fields": {"content_type": 12, "object_id": 21, "like_num": 0}}, {"model": "likes.likecount", "pk": 24, "fields": {"content_type": 12, "object_id": 22, "like_num": 0}}, {"model": "likes.likecount", "pk": 25, "fields": {"content_type": 12, "object_id": 23, "like_num": 0}}, {"model": "likes.likecount", "pk": 26, "fields": {"content_type": 12, "object_id": 24, "like_num": 0}}, {"model": "likes.likecount", "pk": 27, "fields": {"content_type": 12, "object_id": 25, "like_num": 0}}, {"model": "likes.likecount", "pk": 28, "fields": {"content_type": 12, "object_id": 26, "like_num": 0}}, {"model": "likes.likecount", "pk": 29, "fields": {"content_type": 12, "object_id": 27, "like_num": 0}}, {"model": "likes.likecount", "pk": 30, "fields": {"content_type": 12, "object_id": 28, "like_num": 0}}, {"model": "likes.likecount", "pk": 31, "fields": {"content_type": 12, "object_id": 29, "like_num": 0}}, {"model": "likes.likecount", "pk": 32, "fields": {"content_type": 12, "object_id": 11, "like_num": 0}}, {"model": "likes.likecount", "pk": 33, "fields": {"content_type": 12, "object_id": 12, "like_num": 0}}, {"model": "likes.likecount", "pk": 34, "fields": {"content_type": 12, "object_id": 13, "like_num": 0}}, {"model": "likes.likecount", "pk": 35, "fields": {"content_type": 12, "object_id": 15, "like_num": 0}}, {"model": "likes.likecount", "pk": 36, "fields": {"content_type": 12, "object_id": 16, "like_num": 0}}, {"model": "likes.likecount", "pk": 37, "fields": {"content_type": 12, "object_id": 17, "like_num": 0}}, {"model": "likes.likecount", "pk": 38, "fields": {"content_type": 12, "object_id": 18, "like_num": 0}}, {"model": "likes.likecount", "pk": 39, "fields": {"content_type": 12, "object_id": 30, "like_num": 0}}, {"model": "likes.likecount", "pk": 40, "fields": {"content_type": 12, "object_id": 10, "like_num": 0}}, {"model": "likes.likecount", "pk": 41, "fields": {"content_type": 12, "object_id": 14, "like_num": 0}}, {"model": "likes.likecount", "pk": 42, "fields": {"content_type": 12, "object_id": 9, "like_num": 0}}, {"model": "likes.likecount", "pk": 43, "fields": {"content_type": 12, "object_id": 6, "like_num": 0}}, {"model": "likes.likecount", "pk": 44, "fields": {"content_type": 12, "object_id": 8, "like_num": 0}}, {"model": "likes.likecount", "pk": 45, "fields": {"content_type": 12, "object_id": 5, "like_num": 0}}, {"model": "likes.likecount", "pk": 46, "fields": {"content_type": 12, "object_id": 4, "like_num": 0}}, {"model": "likes.likecount", "pk": 47, "fields": {"content_type": 12, "object_id": 45, "like_num": 0}}, {"model": "likes.likecount", "pk": 48, "fields": {"content_type": 12, "object_id": 44, "like_num": 0}}, {"model": "likes.likecount", "pk": 49, "fields": {"content_type": 12, "object_id": 46, "like_num": 0}}, {"model": "likes.likecount", "pk": 50, "fields": {"content_type": 12, "object_id": 47, "like_num": 0}}, {"model": "likes.likecount", "pk": 51, "fields": {"content_type": 12, "object_id": 48, "like_num": 0}}, {"model": "likes.likecount", "pk": 52, "fields": {"content_type": 12, "object_id": 50, "like_num": 0}}, {"model": "likes.likecount", "pk": 53, "fields": {"content_type": 12, "object_id": 49, "like_num": 0}}, {"model": "likes.likecount", "pk": 54, "fields": {"content_type": 12, "object_id": 51, "like_num": 0}}, {"model": "likes.likecount", "pk": 55, "fields": {"content_type": 12, "object_id": 52, "like_num": 0}}, {"model": "likes.likecount", "pk": 56, "fields": {"content_type": 12, "object_id": 53, "like_num": 0}}, {"model": "likes.likecount", "pk": 57, "fields": {"content_type": 12, "object_id": 54, "like_num": 0}}, {"model": "likes.likecount", "pk": 58, "fields": {"content_type": 12, "object_id": 55, "like_num": 0}}, {"model": "likes.likecount", "pk": 59, "fields": {"content_type": 12, "object_id": 56, "like_num": 0}}, {"model": "likes.likecount", "pk": 60, "fields": {"content_type": 12, "object_id": 57, "like_num": 1}}, {"model": "likes.likecount", "pk": 61, "fields": {"content_type": 12, "object_id": 58, "like_num": 0}}, {"model": "likes.likecount", "pk": 62, "fields": {"content_type": 12, "object_id": 59, "like_num": 0}}, {"model": "likes.likecount", "pk": 63, "fields": {"content_type": 12, "object_id": 61, "like_num": 0}}, {"model": "likes.likecount", "pk": 64, "fields": {"content_type": 12, "object_id": 60, "like_num": 0}}, {"model": "likes.likecount", "pk": 65, "fields": {"content_type": 12, "object_id": 63, "like_num": 0}}, {"model": "likes.likecount", "pk": 66, "fields": {"content_type": 12, "object_id": 62, "like_num": 0}}, {"model": "likes.likecount", "pk": 67, "fields": {"content_type": 12, "object_id": 64, "like_num": 0}}, {"model": "likes.likecount", "pk": 68, "fields": {"content_type": 12, "object_id": 70, "like_num": 0}}, {"model": "likes.likecount", "pk": 69, "fields": {"content_type": 12, "object_id": 69, "like_num": 0}}, {"model": "likes.likecount", "pk": 70, "fields": {"content_type": 12, "object_id": 68, "like_num": 0}}, {"model": "likes.likecount", "pk": 71, "fields": {"content_type": 12, "object_id": 67, "like_num": 0}}, {"model": "likes.likecount", "pk": 72, "fields": {"content_type": 12, "object_id": 72, "like_num": 0}}, {"model": "likes.likecount", "pk": 73, "fields": {"content_type": 12, "object_id": 71, "like_num": 0}}, {"model": "auth.permission", "pk": 1, "fields": {"name": "Can add log entry", "content_type": 1, "codename": "add_logentry"}}, {"model": "auth.permission", "pk": 2, "fields": {"name": "Can change log entry", "content_type": 1, "codename": "change_logentry"}}, {"model": "auth.permission", "pk": 3, "fields": {"name": "Can delete log entry", "content_type": 1, "codename": "delete_logentry"}}, {"model": "auth.permission", "pk": 4, "fields": {"name": "Can view log entry", "content_type": 1, "codename": "view_logentry"}}, {"model": "auth.permission", "pk": 5, "fields": {"name": "Can add permission", "content_type": 2, "codename": "add_permission"}}, {"model": "auth.permission", "pk": 6, "fields": {"name": "Can change permission", "content_type": 2, "codename": "change_permission"}}, {"model": "auth.permission", "pk": 7, "fields": {"name": "Can delete permission", "content_type": 2, "codename": "delete_permission"}}, {"model": "auth.permission", "pk": 8, "fields": {"name": "Can view permission", "content_type": 2, "codename": "view_permission"}}, {"model": "auth.permission", "pk": 9, "fields": {"name": "Can add group", "content_type": 3, "codename": "add_group"}}, {"model": "auth.permission", "pk": 10, "fields": {"name": "Can change group", "content_type": 3, "codename": "change_group"}}, {"model": "auth.permission", "pk": 11, "fields": {"name": "Can delete group", "content_type": 3, "codename": "delete_group"}}, {"model": "auth.permission", "pk": 12, "fields": {"name": "Can view group", "content_type": 3, "codename": "view_group"}}, {"model": "auth.permission", "pk": 13, "fields": {"name": "Can add user", "content_type": 4, "codename": "add_user"}}, {"model": "auth.permission", "pk": 14, "fields": {"name": "Can change user", "content_type": 4, "codename": "change_user"}}, {"model": "auth.permission", "pk": 15, "fields": {"name": "Can delete user", "content_type": 4, "codename": "delete_user"}}, {"model": "auth.permission", "pk": 16, "fields": {"name": "Can view user", "content_type": 4, "codename": "view_user"}}, {"model": "auth.permission", "pk": 17, "fields": {"name": "Can add content type", "content_type": 5, "codename": "add_contenttype"}}, {"model": "auth.permission", "pk": 18, "fields": {"name": "Can change content type", "content_type": 5, "codename": "change_contenttype"}}, {"model": "auth.permission", "pk": 19, "fields": {"name": "Can delete content type", "content_type": 5, "codename": "delete_contenttype"}}, {"model": "auth.permission", "pk": 20, "fields": {"name": "Can view content type", "content_type": 5, "codename": "view_contenttype"}}, {"model": "auth.permission", "pk": 21, "fields": {"name": "Can add session", "content_type": 6, "codename": "add_session"}}, {"model": "auth.permission", "pk": 22, "fields": {"name": "Can change session", "content_type": 6, "codename": "change_session"}}, {"model": "auth.permission", "pk": 23, "fields": {"name": "Can delete session", "content_type": 6, "codename": "delete_session"}}, {"model": "auth.permission", "pk": 24, "fields": {"name": "Can view session", "content_type": 6, "codename": "view_session"}}, {"model": "auth.permission", "pk": 25, "fields": {"name": "Can add blog", "content_type": 7, "codename": "add_blog"}}, {"model": "auth.permission", "pk": 26, "fields": {"name": "Can change blog", "content_type": 7, "codename": "change_blog"}}, {"model": "auth.permission", "pk": 27, "fields": {"name": "Can delete blog", "content_type": 7, "codename": "delete_blog"}}, {"model": "auth.permission", "pk": 28, "fields": {"name": "Can view blog", "content_type": 7, "codename": "view_blog"}}, {"model": "auth.permission", "pk": 29, "fields": {"name": "Can add blog type", "content_type": 8, "codename": "add_blogtype"}}, {"model": "auth.permission", "pk": 30, "fields": {"name": "Can change blog type", "content_type": 8, "codename": "change_blogtype"}}, {"model": "auth.permission", "pk": 31, "fields": {"name": "Can delete blog type", "content_type": 8, "codename": "delete_blogtype"}}, {"model": "auth.permission", "pk": 32, "fields": {"name": "Can view blog type", "content_type": 8, "codename": "view_blogtype"}}, {"model": "auth.permission", "pk": 33, "fields": {"name": "Can add read num", "content_type": 9, "codename": "add_readnum"}}, {"model": "auth.permission", "pk": 34, "fields": {"name": "Can change read num", "content_type": 9, "codename": "change_readnum"}}, {"model": "auth.permission", "pk": 35, "fields": {"name": "Can delete read num", "content_type": 9, "codename": "delete_readnum"}}, {"model": "auth.permission", "pk": 36, "fields": {"name": "Can view read num", "content_type": 9, "codename": "view_readnum"}}, {"model": "auth.permission", "pk": 37, "fields": {"name": "Can add read num", "content_type": 10, "codename": "add_readnum"}}, {"model": "auth.permission", "pk": 38, "fields": {"name": "Can change read num", "content_type": 10, "codename": "change_readnum"}}, {"model": "auth.permission", "pk": 39, "fields": {"name": "Can delete read num", "content_type": 10, "codename": "delete_readnum"}}, {"model": "auth.permission", "pk": 40, "fields": {"name": "Can view read num", "content_type": 10, "codename": "view_readnum"}}, {"model": "auth.permission", "pk": 41, "fields": {"name": "Can add read detail", "content_type": 11, "codename": "add_readdetail"}}, {"model": "auth.permission", "pk": 42, "fields": {"name": "Can change read detail", "content_type": 11, "codename": "change_readdetail"}}, {"model": "auth.permission", "pk": 43, "fields": {"name": "Can delete read detail", "content_type": 11, "codename": "delete_readdetail"}}, {"model": "auth.permission", "pk": 44, "fields": {"name": "Can view read detail", "content_type": 11, "codename": "view_readdetail"}}, {"model": "auth.permission", "pk": 45, "fields": {"name": "Can add comment", "content_type": 12, "codename": "add_comment"}}, {"model": "auth.permission", "pk": 46, "fields": {"name": "Can change comment", "content_type": 12, "codename": "change_comment"}}, {"model": "auth.permission", "pk": 47, "fields": {"name": "Can delete comment", "content_type": 12, "codename": "delete_comment"}}, {"model": "auth.permission", "pk": 48, "fields": {"name": "Can view comment", "content_type": 12, "codename": "view_comment"}}, {"model": "auth.permission", "pk": 49, "fields": {"name": "Can add like record", "content_type": 13, "codename": "add_likerecord"}}, {"model": "auth.permission", "pk": 50, "fields": {"name": "Can change like record", "content_type": 13, "codename": "change_likerecord"}}, {"model": "auth.permission", "pk": 51, "fields": {"name": "Can delete like record", "content_type": 13, "codename": "delete_likerecord"}}, {"model": "auth.permission", "pk": 52, "fields": {"name": "Can view like record", "content_type": 13, "codename": "view_likerecord"}}, {"model": "auth.permission", "pk": 53, "fields": {"name": "Can add like count", "content_type": 14, "codename": "add_likecount"}}, {"model": "auth.permission", "pk": 54, "fields": {"name": "Can change like count", "content_type": 14, "codename": "change_likecount"}}, {"model": "auth.permission", "pk": 55, "fields": {"name": "Can delete like count", "content_type": 14, "codename": "delete_likecount"}}, {"model": "auth.permission", "pk": 56, "fields": {"name": "Can view like count", "content_type": 14, "codename": "view_likecount"}}, {"model": "auth.permission", "pk": 57, "fields": {"name": "Can add profile", "content_type": 15, "codename": "add_profile"}}, {"model": "auth.permission", "pk": 58, "fields": {"name": "Can change profile", "content_type": 15, "codename": "change_profile"}}, {"model": "auth.permission", "pk": 59, "fields": {"name": "Can delete profile", "content_type": 15, "codename": "delete_profile"}}, {"model": "auth.permission", "pk": 60, "fields": {"name": "Can view profile", "content_type": 15, "codename": "view_profile"}}, {"model": "auth.user", "pk": 1, "fields": {"password": "pbkdf2_sha256$150000$w9Xz08LZQ0Dh$XisIlO9ZlMNegWkKtVf9Uh5O+4uLf3tdcYKBeeZYv6s=", "last_login": "2022-12-13T08:11:36.965Z", "is_superuser": true, "username": "xgf", "first_name": "", "last_name": "", "email": "gentry422@163.com", "is_staff": true, "is_active": true, "date_joined": "2022-12-02T11:15:00Z", "groups": [], "user_permissions": []}}, {"model": "auth.user", "pk": 4, "fields": {"password": "pbkdf2_sha256$150000$wBZQ8ItFta0n$mtY+EW2aAfwnz2jIJODw31IPQ0APRIiyjL39uKHkXyw=", "last_login": "2022-12-13T08:02:54.277Z", "is_superuser": false, "username": "xxx", "first_name": "", "last_name": "", "email": "", "is_staff": false, "is_active": true, "date_joined": "2022-12-08T05:46:00Z", "groups": [], "user_permissions": []}}, {"model": "blog.blog", "pk": 1, "fields": {"title": "\u7b2c\u4e00\u7bc7\u535a\u5ba2", "blog_type": 2, "content": "123", "author": 1, "created_time": "2022-12-02T11:35:24.872Z", "last_updated_time": "2022-12-04T08:46:41.054Z"}}, {"model": "blog.blog", "pk": 2, "fields": {"title": "\u7b2c\u4e8c\u7bc7\u535a\u5ba2", "blog_type": 2, "content": "52345", "author": 1, "created_time": "2022-12-02T12:32:20.500Z", "last_updated_time": "2022-12-04T08:46:47.429Z"}}, {"model": "blog.blog", "pk": 3, "fields": {"title": "\u7b2c\u4e09\u7bc7\u535a\u5ba2", "blog_type": 2, "content": "\u8fd9\u4e2a\u6709\u70b9\u8fd9\u4e2a\u6709\u70b9\u957f\u8fd9\u4e2a\u6709\u70b9\u957f\u8fd9\u4e2a\u6709\u70b9\u957f\u8fd9\u4e2a\u6709\u70b9\u957f\u8fd9\u4e2a\u6709\u70b9\u957f\u8fd9\u4e2a\u6709\u70b9\u957f\u8fd9\u4e2a\u6709\u70b9\u957f\u8fd9\u4e2a\u6709\u70b9\u957f\u8fd9\u4e2a\u6709\u70b9\u957f\u8fd9\u4e2a\u6709\u70b9\u957f\u8fd9\u4e2a\u6709\u70b9\u957f\u8fd9\u4e2a\u6709\u70b9\u957f\u8fd9\u4e2a\u6709\u70b9\u957f\u8fd9\u4e2a\u6709\u70b9\u957f\u8fd9\u4e2a\u6709\u70b9\u957f\u8fd9\u4e2a\u6709\u70b9\u957f\u8fd9\u4e2a\u6709\u70b9\u957f\u8fd9\u4e2a\u6709\u70b9\u957f\u8fd9\u4e2a\u6709\u70b9\u957f\u8fd9\u4e2a\u6709\u70b9\u957f\u8fd9\u4e2a\u6709\u70b9\u957f\u8fd9\u4e2a\u6709\u70b9\u957f\u8fd9\u4e2a\u6709\u70b9\u957f\u8fd9\u4e2a\u6709\u70b9\u957f\u8fd9\u4e2a\u6709\u70b9\u957f", "author": 1, "created_time": "2022-12-02T12:41:37.561Z", "last_updated_time": "2022-12-04T08:46:53.648Z"}}, {"model": "blog.blog", "pk": 4, "fields": {"title": "\u7b2c\u4e00\u7bc7Django", "blog_type": 1, "content": "\u8fd9\u662fdjano", "author": 1, "created_time": "2022-12-02T13:15:26.534Z", "last_updated_time": "2022-12-04T08:46:55.925Z"}}, {"model": "blog.blog", "pk": 5, "fields": {"title": "shell\u4e0b\u7b2c\u4e00\u7bc7", "blog_type": 1, "content": "shellshellshell", "author": 1, "created_time": "2022-12-03T11:19:44.402Z", "last_updated_time": "2022-12-04T08:46:57.496Z"}}, {"model": "blog.blog", "pk": 6, "fields": {"title": "shell\u4e0b\u7b2c1\u7bc7", "blog_type": 1, "content": "content:1", "author": 1, "created_time": "2022-12-03T11:25:27.737Z", "last_updated_time": "2022-12-03T11:25:27.737Z"}}, {"model": "blog.blog", "pk": 7, "fields": {"title": "shell\u4e0b\u7b2c2\u7bc7", "blog_type": 1, "content": "content:2", "author": 1, "created_time": "2022-12-03T11:25:27.920Z", "last_updated_time": "2022-12-03T11:25:27.920Z"}}, {"model": "blog.blog", "pk": 8, "fields": {"title": "shell\u4e0b\u7b2c3\u7bc7", "blog_type": 1, "content": "content:3", "author": 1, "created_time": "2022-12-03T11:25:28.261Z", "last_updated_time": "2022-12-03T11:25:28.261Z"}}, {"model": "blog.blog", "pk": 9, "fields": {"title": "shell\u4e0b\u7b2c4\u7bc7", "blog_type": 1, "content": "content:4", "author": 1, "created_time": "2022-12-03T11:25:28.461Z", "last_updated_time": "2022-12-03T11:25:28.461Z"}}, {"model": "blog.blog", "pk": 10, "fields": {"title": "shell\u4e0b\u7b2c5\u7bc7", "blog_type": 1, "content": "content:5", "author": 1, "created_time": "2022-12-03T11:25:28.591Z", "last_updated_time": "2022-12-03T11:25:28.591Z"}}, {"model": "blog.blog", "pk": 11, "fields": {"title": "shell\u4e0b\u7b2c6\u7bc7", "blog_type": 1, "content": "content:6", "author": 1, "created_time": "2022-12-03T11:25:28.703Z", "last_updated_time": "2022-12-03T11:25:28.703Z"}}, {"model": "blog.blog", "pk": 12, "fields": {"title": "shell\u4e0b\u7b2c7\u7bc7", "blog_type": 1, "content": "content:7", "author": 1, "created_time": "2022-12-03T11:25:28.854Z", "last_updated_time": "2022-12-03T11:25:28.854Z"}}, {"model": "blog.blog", "pk": 13, "fields": {"title": "shell\u4e0b\u7b2c8\u7bc7", "blog_type": 1, "content": "content:8", "author": 1, "created_time": "2022-12-03T11:25:29.054Z", "last_updated_time": "2022-12-03T11:25:29.054Z"}}, {"model": "blog.blog", "pk": 14, "fields": {"title": "shell\u4e0b\u7b2c9\u7bc7", "blog_type": 1, "content": "content:9", "author": 1, "created_time": "2022-12-03T11:25:29.286Z", "last_updated_time": "2022-12-03T11:25:29.286Z"}}, {"model": "blog.blog", "pk": 15, "fields": {"title": "shell\u4e0b\u7b2c10\u7bc7", "blog_type": 1, "content": "content:10", "author": 1, "created_time": "2022-12-03T11:25:29.460Z", "last_updated_time": "2022-12-03T11:25:29.460Z"}}, {"model": "blog.blog", "pk": 16, "fields": {"title": "shell\u4e0b\u7b2c11\u7bc7", "blog_type": 1, "content": "content:11", "author": 1, "created_time": "2022-12-03T11:25:29.602Z", "last_updated_time": "2022-12-03T11:25:29.602Z"}}, {"model": "blog.blog", "pk": 17, "fields": {"title": "shell\u4e0b\u7b2c12\u7bc7", "blog_type": 1, "content": "content:12", "author": 1, "created_time": "2022-12-03T11:25:29.767Z", "last_updated_time": "2022-12-03T11:25:29.767Z"}}, {"model": "blog.blog", "pk": 18, "fields": {"title": "shell\u4e0b\u7b2c13\u7bc7", "blog_type": 1, "content": "content:13", "author": 1, "created_time": "2022-12-03T11:25:29.944Z", "last_updated_time": "2022-12-03T11:25:29.944Z"}}, {"model": "blog.blog", "pk": 19, "fields": {"title": "shell\u4e0b\u7b2c14\u7bc7", "blog_type": 1, "content": "content:14", "author": 1, "created_time": "2022-12-03T11:25:30.119Z", "last_updated_time": "2022-12-03T11:25:30.119Z"}}, {"model": "blog.blog", "pk": 20, "fields": {"title": "shell\u4e0b\u7b2c15\u7bc7", "blog_type": 1, "content": "content:15", "author": 1, "created_time": "2022-12-03T11:25:30.317Z", "last_updated_time": "2022-12-03T11:25:30.317Z"}}, {"model": "blog.blog", "pk": 21, "fields": {"title": "shell\u4e0b\u7b2c16\u7bc7", "blog_type": 1, "content": "content:16", "author": 1, "created_time": "2022-12-03T11:25:30.504Z", "last_updated_time": "2022-12-03T11:25:30.504Z"}}, {"model": "blog.blog", "pk": 22, "fields": {"title": "shell\u4e0b\u7b2c17\u7bc7", "blog_type": 1, "content": "content:17", "author": 1, "created_time": "2022-12-03T11:25:30.692Z", "last_updated_time": "2022-12-03T11:25:30.692Z"}}, {"model": "blog.blog", "pk": 23, "fields": {"title": "shell\u4e0b\u7b2c18\u7bc7", "blog_type": 1, "content": "content:18", "author": 1, "created_time": "2022-12-03T11:25:30.889Z", "last_updated_time": "2022-12-03T11:25:30.889Z"}}, {"model": "blog.blog", "pk": 24, "fields": {"title": "shell\u4e0b\u7b2c19\u7bc7", "blog_type": 1, "content": "content:19", "author": 1, "created_time": "2022-12-03T11:25:31.054Z", "last_updated_time": "2022-12-03T11:25:31.054Z"}}, {"model": "blog.blog", "pk": 25, "fields": {"title": "shell\u4e0b\u7b2c20\u7bc7", "blog_type": 1, "content": "content:20", "author": 1, "created_time": "2022-12-03T11:25:31.252Z", "last_updated_time": "2022-12-03T11:25:31.252Z"}}, {"model": "blog.blog", "pk": 26, "fields": {"title": "shell\u4e0b\u7b2c21\u7bc7", "blog_type": 1, "content": "content:21", "author": 1, "created_time": "2022-12-03T11:25:31.426Z", "last_updated_time": "2022-12-03T11:25:31.426Z"}}, {"model": "blog.blog", "pk": 27, "fields": {"title": "shell\u4e0b\u7b2c22\u7bc7", "blog_type": 1, "content": "content:22", "author": 1, "created_time": "2022-12-03T11:25:31.635Z", "last_updated_time": "2022-12-03T11:25:31.636Z"}}, {"model": "blog.blog", "pk": 28, "fields": {"title": "shell\u4e0b\u7b2c23\u7bc7", "blog_type": 1, "content": "content:23", "author": 1, "created_time": "2022-12-03T11:25:31.835Z", "last_updated_time": "2022-12-03T11:25:31.835Z"}}, {"model": "blog.blog", "pk": 29, "fields": {"title": "shell\u4e0b\u7b2c24\u7bc7", "blog_type": 1, "content": "content:24", "author": 1, "created_time": "2022-12-03T11:25:32.021Z", "last_updated_time": "2022-12-03T11:25:32.021Z"}}, {"model": "blog.blog", "pk": 30, "fields": {"title": "shell\u4e0b\u7b2c25\u7bc7", "blog_type": 1, "content": "content:25", "author": 1, "created_time": "2022-12-03T11:25:32.264Z", "last_updated_time": "2022-12-04T08:47:21.080Z"}}, {"model": "blog.blog", "pk": 31, "fields": {"title": "shell\u4e0b\u7b2c26\u7bc7", "blog_type": 1, "content": "content:26", "author": 1, "created_time": "2022-12-03T11:25:32.439Z", "last_updated_time": "2022-12-03T11:25:32.439Z"}}, {"model": "blog.blog", "pk": 32, "fields": {"title": "shell\u4e0b\u7b2c27\u7bc7", "blog_type": 1, "content": "content:27", "author": 1, "created_time": "2022-12-03T11:25:32.527Z", "last_updated_time": "2022-12-04T08:20:23.408Z"}}, {"model": "blog.blog", "pk": 33, "fields": {"title": "shell\u4e0b\u7b2c28\u7bc7", "blog_type": 1, "content": "<h1>\u56fe\u7247\u4e0a\u4f20\u6d4b\u8bd5</h1>\r\n\r\n<p>\u8fd9\u662f\u4e00\u5f20\u56fe\u7247</p>\r\n\r\n<p><img alt=\"\" src=\"/media/upload/2022/12/04/aa126b96881511ebb6edd017c2d2eca2.jpg\" style=\"height:275px; width:480px\" /></p>", "author": 1, "created_time": "2022-12-03T11:25:32.615Z", "last_updated_time": "2022-12-03T11:25:32.615Z"}}, {"model": "blog.blog", "pk": 34, "fields": {"title": "shell\u4e0b\u7b2c29\u7bc7", "blog_type": 1, "content": "content:29", "author": 1, "created_time": "2022-12-03T11:25:32.703Z", "last_updated_time": "2022-12-04T08:41:04.476Z"}}, {"model": "comment.comment", "pk": 1, "fields": {"content_type": 7, "object_id": 29, "text": "123", "comment_time": "2022-12-06T08:15:36.822Z", "user": 1, "root": null, "parent": null, "reply_to": null}}, {"model": "comment.comment", "pk": 2, "fields": {"content_type": 7, "object_id": 29, "text": "412412", "comment_time": "2022-12-06T08:23:57.009Z", "user": 1, "root": null, "parent": null, "reply_to": null}}, {"model": "comment.comment", "pk": 3, "fields": {"content_type": 7, "object_id": 29, "text": "111111", "comment_time": "2022-12-06T08:34:57.826Z", "user": 1, "root": null, "parent": null, "reply_to": null}}, {"model": "comment.comment", "pk": 4, "fields": {"content_type": 7, "object_id": 34, "text": "<p>23123</p>", "comment_time": "2022-12-08T06:01:41.008Z", "user": 4, "root": null, "parent": null, "reply_to": null}}, {"model": "comment.comment", "pk": 5, "fields": {"content_type": 7, "object_id": 34, "text": "<p>3123123</p>", "comment_time": "2022-12-08T06:01:43.086Z", "user": 4, "root": null, "parent": null, "reply_to": null}}, {"model": "comment.comment", "pk": 6, "fields": {"content_type": 7, "object_id": 34, "text": "<p>12312312</p>", "comment_time": "2022-12-08T06:01:45.498Z", "user": 4, "root": null, "parent": null, "reply_to": null}}, {"model": "comment.comment", "pk": 8, "fields": {"content_type": 7, "object_id": 34, "text": "reply", "comment_time": "2022-12-08T06:05:48.670Z", "user": 4, "root": 6, "parent": 6, "reply_to": 4}}, {"model": "comment.comment", "pk": 9, "fields": {"content_type": 7, "object_id": 34, "text": "<p>dfsafasdf</p>", "comment_time": "2022-12-08T06:30:11.151Z", "user": 4, "root": null, "parent": null, "reply_to": null}}, {"model": "comment.comment", "pk": 10, "fields": {"content_type": 7, "object_id": 34, "text": "<p>dfadsfasdfasdf</p>", "comment_time": "2022-12-08T06:30:13.786Z", "user": 4, "root": null, "parent": null, "reply_to": null}}, {"model": "comment.comment", "pk": 11, "fields": {"content_type": 7, "object_id": 34, "text": "<p><img alt=\"smiley\" height=\"23\" src=\"http://127.0.0.1:8000/static/ckeditor/ckeditor/plugins/smiley/images/regular_smile.png\" title=\"smiley\" width=\"23\" /></p>", "comment_time": "2022-12-08T06:50:09.061Z", "user": 4, "root": null, "parent": null, "reply_to": null}}, {"model": "comment.comment", "pk": 12, "fields": {"content_type": 7, "object_id": 34, "text": "<p>123</p>", "comment_time": "2022-12-08T06:50:27.400Z", "user": 4, "root": 11, "parent": 11, "reply_to": 4}}, {"model": "comment.comment", "pk": 13, "fields": {"content_type": 7, "object_id": 34, "text": "<p>542</p>", "comment_time": "2022-12-08T07:33:10.390Z", "user": 4, "root": 11, "parent": 12, "reply_to": 4}}, {"model": "comment.comment", "pk": 14, "fields": {"content_type": 7, "object_id": 34, "text": "<p>3123123</p>", "comment_time": "2022-12-08T07:34:04.121Z", "user": 4, "root": 10, "parent": 10, "reply_to": 4}}, {"model": "comment.comment", "pk": 15, "fields": {"content_type": 7, "object_id": 34, "text": "<p>44444</p>", "comment_time": "2022-12-08T07:34:41.638Z", "user": 4, "root": 11, "parent": 12, "reply_to": 4}}, {"model": "comment.comment", "pk": 16, "fields": {"content_type": 7, "object_id": 34, "text": "<p>5555</p>", "comment_time": "2022-12-08T07:38:38.079Z", "user": 4, "root": 11, "parent": 11, "reply_to": 4}}, {"model": "comment.comment", "pk": 17, "fields": {"content_type": 7, "object_id": 34, "text": "<p>324324324234</p>", "comment_time": "2022-12-08T07:39:50.021Z", "user": 4, "root": 11, "parent": 16, "reply_to": 4}}, {"model": "comment.comment", "pk": 18, "fields": {"content_type": 7, "object_id": 34, "text": "<p>xgf</p>", "comment_time": "2022-12-08T07:45:34.844Z", "user": 4, "root": 11, "parent": 17, "reply_to": 4}}, {"model": "comment.comment", "pk": 19, "fields": {"content_type": 7, "object_id": 34, "text": "<p>00000</p>", "comment_time": "2022-12-08T07:48:59.325Z", "user": 4, "root": null, "parent": null, "reply_to": null}}, {"model": "comment.comment", "pk": 20, "fields": {"content_type": 7, "object_id": 34, "text": "<p>254</p>", "comment_time": "2022-12-08T07:49:09.506Z", "user": 4, "root": 19, "parent": 19, "reply_to": 4}}, {"model": "comment.comment", "pk": 21, "fields": {"content_type": 7, "object_id": 34, "text": "<p>111111111111111111</p>", "comment_time": "2022-12-08T07:52:05.142Z", "user": 4, "root": 19, "parent": 20, "reply_to": 4}}, {"model": "comment.comment", "pk": 22, "fields": {"content_type": 7, "object_id": 34, "text": "<p>22222</p>", "comment_time": "2022-12-08T07:52:53.112Z", "user": 4, "root": 19, "parent": 21, "reply_to": 4}}, {"model": "comment.comment", "pk": 23, "fields": {"content_type": 7, "object_id": 34, "text": "<p>3333333</p>", "comment_time": "2022-12-08T07:54:26.300Z", "user": 4, "root": 19, "parent": 22, "reply_to": 4}}, {"model": "comment.comment", "pk": 24, "fields": {"content_type": 7, "object_id": 34, "text": "<p>44444</p>", "comment_time": "2022-12-08T07:54:54.305Z", "user": 4, "root": 19, "parent": 23, "reply_to": 4}}, {"model": "comment.comment", "pk": 25, "fields": {"content_type": 7, "object_id": 34, "text": "<p>55555</p>", "comment_time": "2022-12-08T07:56:17.814Z", "user": 4, "root": 19, "parent": 24, "reply_to": 4}}, {"model": "comment.comment", "pk": 26, "fields": {"content_type": 7, "object_id": 34, "text": "<p>555555555555555555555555555</p>", "comment_time": "2022-12-08T07:57:36.558Z", "user": 4, "root": 19, "parent": 20, "reply_to": 4}}, {"model": "comment.comment", "pk": 27, "fields": {"content_type": 7, "object_id": 34, "text": "<p>77777</p>", "comment_time": "2022-12-08T07:58:28.474Z", "user": 4, "root": 19, "parent": 26, "reply_to": 4}}, {"model": "comment.comment", "pk": 28, "fields": {"content_type": 7, "object_id": 34, "text": "<p>8888</p>", "comment_time": "2022-12-08T08:00:34.337Z", "user": 4, "root": 19, "parent": 27, "reply_to": 4}}, {"model": "comment.comment", "pk": 29, "fields": {"content_type": 7, "object_id": 34, "text": "<p>1</p>", "comment_time": "2022-12-08T08:07:57.551Z", "user": 4, "root": 19, "parent": 19, "reply_to": 4}}, {"model": "comment.comment", "pk": 30, "fields": {"content_type": 7, "object_id": 34, "text": "<p>34ttqe</p>", "comment_time": "2022-12-08T08:09:41.469Z", "user": 4, "root": 11, "parent": 13, "reply_to": 4}}, {"model": "comment.comment", "pk": 31, "fields": {"content_type": 7, "object_id": 34, "text": "<p>1111</p>", "comment_time": "2022-12-08T08:41:03.742Z", "user": 4, "root": null, "parent": null, "reply_to": null}}, {"model": "comment.comment", "pk": 32, "fields": {"content_type": 7, "object_id": 34, "text": "<p>1241244142</p>", "comment_time": "2022-12-08T09:00:21.354Z", "user": 4, "root": 31, "parent": 31, "reply_to": 4}}, {"model": "comment.comment", "pk": 33, "fields": {"content_type": 7, "object_id": 34, "text": "<p>3123123</p>", "comment_time": "2022-12-08T09:03:04.874Z", "user": 4, "root": 31, "parent": 32, "reply_to": 4}}, {"model": "comment.comment", "pk": 34, "fields": {"content_type": 7, "object_id": 34, "text": "<p>qwrewrqw</p>", "comment_time": "2022-12-08T09:03:12.849Z", "user": 4, "root": 31, "parent": 32, "reply_to": 4}}, {"model": "comment.comment", "pk": 35, "fields": {"content_type": 7, "object_id": 34, "text": "<p>qweqwe</p>", "comment_time": "2022-12-08T09:09:59.338Z", "user": 4, "root": null, "parent": null, "reply_to": null}}, {"model": "comment.comment", "pk": 36, "fields": {"content_type": 7, "object_id": 34, "text": "<p>1231231</p>", "comment_time": "2022-12-08T09:16:25.739Z", "user": 4, "root": null, "parent": null, "reply_to": null}}, {"model": "comment.comment", "pk": 37, "fields": {"content_type": 7, "object_id": 34, "text": "<p>333</p>", "comment_time": "2022-12-08T09:16:35.337Z", "user": 4, "root": null, "parent": null, "reply_to": null}}, {"model": "comment.comment", "pk": 38, "fields": {"content_type": 7, "object_id": 34, "text": "<p>erqwr</p>", "comment_time": "2022-12-08T09:17:31.704Z", "user": 4, "root": null, "parent": null, "reply_to": null}}, {"model": "comment.comment", "pk": 39, "fields": {"content_type": 7, "object_id": 34, "text": "<p>eqw</p>", "comment_time": "2022-12-08T09:21:04.511Z", "user": 4, "root": null, "parent": null, "reply_to": null}}, {"model": "comment.comment", "pk": 40, "fields": {"content_type": 7, "object_id": 34, "text": "<p>eqweq</p>", "comment_time": "2022-12-08T09:23:16.231Z", "user": 4, "root": null, "parent": null, "reply_to": null}}, {"model": "comment.comment", "pk": 41, "fields": {"content_type": 7, "object_id": 34, "text": "<p>text</p>", "comment_time": "2022-12-08T09:26:44.002Z", "user": 4, "root": null, "parent": null, "reply_to": null}}, {"model": "comment.comment", "pk": 42, "fields": {"content_type": 7, "object_id": 34, "text": "<p>gggg</p>", "comment_time": "2022-12-08T09:26:49.221Z", "user": 4, "root": 41, "parent": 41, "reply_to": 4}}, {"model": "comment.comment", "pk": 43, "fields": {"content_type": 7, "object_id": 34, "text": "<p>rqwr</p>", "comment_time": "2022-12-08T09:39:05.447Z", "user": 4, "root": null, "parent": null, "reply_to": null}}, {"model": "comment.comment", "pk": 44, "fields": {"content_type": 7, "object_id": 33, "text": "<p>weqwe</p>", "comment_time": "2022-12-11T05:46:41.274Z", "user": 1, "root": null, "parent": null, "reply_to": null}}, {"model": "comment.comment", "pk": 45, "fields": {"content_type": 7, "object_id": 33, "text": "<p>weqwe</p>", "comment_time": "2022-12-11T05:48:25.813Z", "user": 1, "root": null, "parent": null, "reply_to": null}}, {"model": "comment.comment", "pk": 46, "fields": {"content_type": 7, "object_id": 33, "text": "<p>fsaf</p>", "comment_time": "2022-12-11T05:50:31.276Z", "user": 1, "root": null, "parent": null, "reply_to": null}}, {"model": "comment.comment", "pk": 47, "fields": {"content_type": 7, "object_id": 33, "text": "<p>21323</p>", "comment_time": "2022-12-11T05:58:16.996Z", "user": 1, "root": null, "parent": null, "reply_to": null}}, {"model": "comment.comment", "pk": 48, "fields": {"content_type": 7, "object_id": 33, "text": "<p>12312</p>", "comment_time": "2022-12-11T05:59:48.297Z", "user": 1, "root": 47, "parent": 47, "reply_to": 1}}, {"model": "comment.comment", "pk": 49, "fields": {"content_type": 7, "object_id": 33, "text": "<p>eqweqwe</p>", "comment_time": "2022-12-11T06:00:03.145Z", "user": 1, "root": 47, "parent": 48, "reply_to": 1}}, {"model": "comment.comment", "pk": 50, "fields": {"content_type": 7, "object_id": 33, "text": "<p>qweqweqw</p>", "comment_time": "2022-12-11T06:00:18.963Z", "user": 1, "root": null, "parent": null, "reply_to": null}}, {"model": "comment.comment", "pk": 51, "fields": {"content_type": 7, "object_id": 33, "text": "<p>rwerwq</p>", "comment_time": "2022-12-11T06:01:45.950Z", "user": 1, "root": null, "parent": null, "reply_to": null}}, {"model": "comment.comment", "pk": 52, "fields": {"content_type": 7, "object_id": 33, "text": "<p>tgegt</p>", "comment_time": "2022-12-11T06:02:34.405Z", "user": 1, "root": null, "parent": null, "reply_to": null}}, {"model": "comment.comment", "pk": 53, "fields": {"content_type": 7, "object_id": 33, "text": "<p>45</p>", "comment_time": "2022-12-11T06:02:42.836Z", "user": 1, "root": null, "parent": null, "reply_to": null}}, {"model": "comment.comment", "pk": 54, "fields": {"content_type": 7, "object_id": 33, "text": "<p>1</p>", "comment_time": "2022-12-11T06:05:41.264Z", "user": 1, "root": null, "parent": null, "reply_to": null}}, {"model": "comment.comment", "pk": 55, "fields": {"content_type": 7, "object_id": 33, "text": "<p>wer</p>", "comment_time": "2022-12-11T06:12:37.957Z", "user": 1, "root": null, "parent": null, "reply_to": null}}, {"model": "comment.comment", "pk": 56, "fields": {"content_type": 7, "object_id": 33, "text": "<p>321412341234</p>", "comment_time": "2022-12-11T06:13:06.128Z", "user": 1, "root": 54, "parent": 54, "reply_to": 1}}, {"model": "comment.comment", "pk": 57, "fields": {"content_type": 7, "object_id": 33, "text": "<p>111</p>", "comment_time": "2022-12-11T06:36:18.163Z", "user": 1, "root": null, "parent": null, "reply_to": null}}, {"model": "comment.comment", "pk": 58, "fields": {"content_type": 7, "object_id": 33, "text": "<p>ewwef</p>", "comment_time": "2022-12-11T06:39:19.069Z", "user": 1, "root": 57, "parent": 57, "reply_to": 1}}, {"model": "comment.comment", "pk": 59, "fields": {"content_type": 7, "object_id": 33, "text": "<p>4124</p>", "comment_time": "2022-12-11T06:39:53.822Z", "user": 1, "root": 57, "parent": 58, "reply_to": 1}}, {"model": "comment.comment", "pk": 60, "fields": {"content_type": 7, "object_id": 33, "text": "<p>123124</p>", "comment_time": "2022-12-12T07:01:34.123Z", "user": 4, "root": 47, "parent": 47, "reply_to": 1}}, {"model": "comment.comment", "pk": 61, "fields": {"content_type": 7, "object_id": 33, "text": "<p>sdagas</p>", "comment_time": "2022-12-12T07:01:51.753Z", "user": 4, "root": 57, "parent": 59, "reply_to": 1}}, {"model": "comment.comment", "pk": 62, "fields": {"content_type": 7, "object_id": 33, "text": "<p>eqwqw</p>", "comment_time": "2022-12-13T07:30:07.344Z", "user": 4, "root": 52, "parent": 52, "reply_to": 1}}, {"model": "comment.comment", "pk": 63, "fields": {"content_type": 7, "object_id": 33, "text": "<p>312312</p>", "comment_time": "2022-12-13T07:30:13.902Z", "user": 4, "root": 54, "parent": 54, "reply_to": 1}}, {"model": "comment.comment", "pk": 64, "fields": {"content_type": 7, "object_id": 34, "text": "<p>\u8bc4\u8bba\u53d1\u9001\u90ae\u4ef6\u6d4b\u8bd5\uff01</p>", "comment_time": "2022-12-13T08:03:30.292Z", "user": 4, "root": null, "parent": null, "reply_to": null}}, {"model": "comment.comment", "pk": 65, "fields": {"content_type": 7, "object_id": 34, "text": "<p>\u56de\u590d\u8bc4\u8bba\u53d1\u9001\u90ae\u4ef6\u6d4b\u8bd5\uff01</p>", "comment_time": "2022-12-13T08:05:59.918Z", "user": 4, "root": 64, "parent": 64, "reply_to": 4}}, {"model": "comment.comment", "pk": 66, "fields": {"content_type": 7, "object_id": 34, "text": "<p>\u56de\u590d\u901a\u77e5\u6d4b\u8bd5</p>", "comment_time": "2022-12-13T08:09:37.924Z", "user": 4, "root": 43, "parent": 43, "reply_to": 4}}, {"model": "comment.comment", "pk": 67, "fields": {"content_type": 7, "object_id": 33, "text": "<p>\u56de\u590d\u90ae\u4ef6\u8bc4\u8bba\u6d4b\u8bd5</p>", "comment_time": "2022-12-13T08:13:14.479Z", "user": 4, "root": 57, "parent": 58, "reply_to": 1}}, {"model": "comment.comment", "pk": 68, "fields": {"content_type": 7, "object_id": 33, "text": "<p>\u591a\u7ebf\u7a0b\u6d4b\u8bd5</p>", "comment_time": "2022-12-13T08:24:38.520Z", "user": 4, "root": null, "parent": null, "reply_to": null}}, {"model": "comment.comment", "pk": 69, "fields": {"content_type": 7, "object_id": 33, "text": "<p>html\u6d4b\u8bd5</p>", "comment_time": "2022-12-13T08:29:30.460Z", "user": 4, "root": null, "parent": null, "reply_to": null}}, {"model": "comment.comment", "pk": 70, "fields": {"content_type": 7, "object_id": 33, "text": "<p>html\u6d4b\u8bd5</p>", "comment_time": "2022-12-13T08:30:43.057Z", "user": 4, "root": null, "parent": null, "reply_to": null}}, {"model": "comment.comment", "pk": 71, "fields": {"content_type": 7, "object_id": 33, "text": "<p>html\u6a21\u677f\u6d4b\u8bd5</p>", "comment_time": "2022-12-13T08:36:53.770Z", "user": 4, "root": null, "parent": null, "reply_to": null}}, {"model": "comment.comment", "pk": 72, "fields": {"content_type": 7, "object_id": 33, "text": "<p>localhost</p>", "comment_time": "2022-12-13T08:42:55.575Z", "user": 4, "root": null, "parent": null, "reply_to": null}}, {"model": "likes.likerecord", "pk": 3, "fields": {"content_type": 7, "object_id": 32, "user": 1, "liked_time": "2022-12-10T07:24:35.329Z"}}, {"model": "likes.likerecord", "pk": 12, "fields": {"content_type": 7, "object_id": 33, "user": 1, "liked_time": "2022-12-11T04:58:16.607Z"}}, {"model": "likes.likerecord", "pk": 27, "fields": {"content_type": 12, "object_id": 57, "user": 1, "liked_time": "2022-12-11T06:40:51.819Z"}}, {"model": "user.profile", "pk": 2, "fields": {"user": 1, "nickname": "\u8096\u9ad8\u5cf0"}}, {"model": "user.profile", "pk": 3, "fields": {"user": 4, "nickname": "test"}}, {"model": "admin.logentry", "pk": 1, "fields": {"action_time": "2022-12-02T11:33:47.772Z", "user": 1, "content_type": 8, "object_id": "1", "object_repr": "Django", "action_flag": 1, "change_message": "[{\"added\": {}}]"}}, {"model": "admin.logentry", "pk": 2, "fields": {"action_time": "2022-12-02T11:33:59.974Z", "user": 1, "content_type": 8, "object_id": "2", "object_repr": "\u968f\u7b14", "action_flag": 1, "change_message": "[{\"added\": {}}]"}}, {"model": "admin.logentry", "pk": 3, "fields": {"action_time": "2022-12-02T11:34:03.583Z", "user": 1, "content_type": 8, "object_id": "3", "object_repr": "\u611f\u609f", "action_flag": 1, "change_message": "[{\"added\": {}}]"}}, {"model": "admin.logentry", "pk": 4, "fields": {"action_time": "2022-12-02T11:35:24.874Z", "user": 1, "content_type": 7, "object_id": "1", "object_repr": "<Blog: \u7b2c\u4e00\u7bc7\u535a\u5ba2", "action_flag": 1, "change_message": "[{\"added\": {}}]"}}, {"model": "admin.logentry", "pk": 5, "fields": {"action_time": "2022-12-02T12:32:20.686Z", "user": 1, "content_type": 7, "object_id": "2", "object_repr": "<Blog: \u7b2c\u4e8c\u7bc7\u535a\u5ba2", "action_flag": 1, "change_message": "[{\"added\": {}}]"}}, {"model": "admin.logentry", "pk": 6, "fields": {"action_time": "2022-12-02T12:41:37.563Z", "user": 1, "content_type": 7, "object_id": "3", "object_repr": "<Blog: \u7b2c\u4e09\u7bc7\u535a\u5ba2", "action_flag": 1, "change_message": "[{\"added\": {}}]"}}, {"model": "admin.logentry", "pk": 7, "fields": {"action_time": "2022-12-02T13:15:26.635Z", "user": 1, "content_type": 7, "object_id": "4", "object_repr": "<Blog: \u7b2c\u4e00\u7bc7Django", "action_flag": 1, "change_message": "[{\"added\": {}}]"}}, {"model": "admin.logentry", "pk": 8, "fields": {"action_time": "2022-12-04T08:00:47.289Z", "user": 1, "content_type": 7, "object_id": "33", "object_repr": "<Blog: shell\u4e0b\u7b2c28\u7bc7", "action_flag": 2, "change_message": "[{\"changed\": {\"fields\": [\"content\"]}}]"}}, {"model": "admin.logentry", "pk": 9, "fields": {"action_time": "2022-12-04T09:09:21.478Z", "user": 1, "content_type": 9, "object_id": "1", "object_repr": "ReadNum object (1)", "action_flag": 1, "change_message": "[{\"added\": {}}]"}}, {"model": "admin.logentry", "pk": 10, "fields": {"action_time": "2022-12-04T10:10:54.595Z", "user": 1, "content_type": 10, "object_id": "1", "object_repr": "ReadNum object (1)", "action_flag": 1, "change_message": "[{\"added\": {}}]"}}, {"model": "admin.logentry", "pk": 11, "fields": {"action_time": "2022-12-05T05:16:01.262Z", "user": 1, "content_type": 11, "object_id": "1", "object_repr": "ReadDetail object (1)", "action_flag": 1, "change_message": "[{\"added\": {}}]"}}, {"model": "admin.logentry", "pk": 12, "fields": {"action_time": "2022-12-05T05:43:37.295Z", "user": 1, "content_type": 11, "object_id": "3", "object_repr": "ReadDetail object (3)", "action_flag": 1, "change_message": "[{\"added\": {}}]"}}, {"model": "admin.logentry", "pk": 13, "fields": {"action_time": "2022-12-08T05:32:21.832Z", "user": 1, "content_type": 4, "object_id": "2", "object_repr": "xxx", "action_flag": 3, "change_message": ""}}, {"model": "admin.logentry", "pk": 14, "fields": {"action_time": "2022-12-08T05:32:54.189Z", "user": 1, "content_type": 4, "object_id": "2", "object_repr": "xxx", "action_flag": 3, "change_message": ""}}, {"model": "admin.logentry", "pk": 15, "fields": {"action_time": "2022-12-08T05:34:32.948Z", "user": 1, "content_type": 4, "object_id": "2", "object_repr": "xxx", "action_flag": 2, "change_message": "[{\"changed\": {\"fields\": [\"password\"]}}]"}}, {"model": "admin.logentry", "pk": 16, "fields": {"action_time": "2022-12-08T05:43:13.426Z", "user": 1, "content_type": 4, "object_id": "3", "object_repr": "ccc", "action_flag": 3, "change_message": ""}}, {"model": "admin.logentry", "pk": 17, "fields": {"action_time": "2022-12-08T05:46:04.127Z", "user": 1, "content_type": 12, "object_id": "17", "object_repr": "Comment object (17)", "action_flag": 3, "change_message": ""}}, {"model": "admin.logentry", "pk": 18, "fields": {"action_time": "2022-12-08T05:46:04.239Z", "user": 1, "content_type": 12, "object_id": "16", "object_repr": "Comment object (16)", "action_flag": 3, "change_message": ""}}, {"model": "admin.logentry", "pk": 19, "fields": {"action_time": "2022-12-08T05:46:04.304Z", "user": 1, "content_type": 12, "object_id": "15", "object_repr": "Comment object (15)", "action_flag": 3, "change_message": ""}}, {"model": "admin.logentry", "pk": 20, "fields": {"action_time": "2022-12-08T05:46:04.403Z", "user": 1, "content_type": 12, "object_id": "14", "object_repr": "Comment object (14)", "action_flag": 3, "change_message": ""}}, {"model": "admin.logentry", "pk": 21, "fields": {"action_time": "2022-12-08T05:46:04.498Z", "user": 1, "content_type": 12, "object_id": "13", "object_repr": "Comment object (13)", "action_flag": 3, "change_message": ""}}, {"model": "admin.logentry", "pk": 22, "fields": {"action_time": "2022-12-08T05:46:04.569Z", "user": 1, "content_type": 12, "object_id": "12", "object_repr": "Comment object (12)", "action_flag": 3, "change_message": ""}}, {"model": "admin.logentry", "pk": 23, "fields": {"action_time": "2022-12-08T05:46:04.645Z", "user": 1, "content_type": 12, "object_id": "11", "object_repr": "Comment object (11)", "action_flag": 3, "change_message": ""}}, {"model": "admin.logentry", "pk": 24, "fields": {"action_time": "2022-12-08T05:46:04.701Z", "user": 1, "content_type": 12, "object_id": "10", "object_repr": "Comment object (10)", "action_flag": 3, "change_message": ""}}, {"model": "admin.logentry", "pk": 25, "fields": {"action_time": "2022-12-08T05:46:04.777Z", "user": 1, "content_type": 12, "object_id": "9", "object_repr": "Comment object (9)", "action_flag": 3, "change_message": ""}}, {"model": "admin.logentry", "pk": 26, "fields": {"action_time": "2022-12-08T05:46:04.883Z", "user": 1, "content_type": 12, "object_id": "8", "object_repr": "Comment object (8)", "action_flag": 3, "change_message": ""}}, {"model": "admin.logentry", "pk": 27, "fields": {"action_time": "2022-12-08T05:46:04.942Z", "user": 1, "content_type": 12, "object_id": "7", "object_repr": "Comment object (7)", "action_flag": 3, "change_message": ""}}, {"model": "admin.logentry", "pk": 28, "fields": {"action_time": "2022-12-08T05:46:05.008Z", "user": 1, "content_type": 12, "object_id": "6", "object_repr": "Comment object (6)", "action_flag": 3, "change_message": ""}}, {"model": "admin.logentry", "pk": 29, "fields": {"action_time": "2022-12-08T05:46:05.075Z", "user": 1, "content_type": 12, "object_id": "5", "object_repr": "Comment object (5)", "action_flag": 3, "change_message": ""}}, {"model": "admin.logentry", "pk": 30, "fields": {"action_time": "2022-12-08T05:46:05.202Z", "user": 1, "content_type": 12, "object_id": "4", "object_repr": "Comment object (4)", "action_flag": 3, "change_message": ""}}, {"model": "admin.logentry", "pk": 31, "fields": {"action_time": "2022-12-08T05:46:14.027Z", "user": 1, "content_type": 4, "object_id": "2", "object_repr": "xxx", "action_flag": 3, "change_message": ""}}, {"model": "admin.logentry", "pk": 32, "fields": {"action_time": "2022-12-08T06:05:06.149Z", "user": 1, "content_type": 12, "object_id": "7", "object_repr": "eqweqwe", "action_flag": 1, "change_message": "[{\"added\": {}}]"}}, {"model": "admin.logentry", "pk": 33, "fields": {"action_time": "2022-12-08T06:05:48.672Z", "user": 1, "content_type": 12, "object_id": "8", "object_repr": "reply", "action_flag": 1, "change_message": "[{\"added\": {}}]"}}, {"model": "admin.logentry", "pk": 34, "fields": {"action_time": "2022-12-08T06:05:56.239Z", "user": 1, "content_type": 12, "object_id": "7", "object_repr": "eqweqwe", "action_flag": 3, "change_message": ""}}, {"model": "admin.logentry", "pk": 35, "fields": {"action_time": "2022-12-12T05:46:04.378Z", "user": 1, "content_type": 15, "object_id": "1", "object_repr": "<Profile: xgf for xgf", "action_flag": 1, "change_message": "[{\"added\": {}}]"}}, {"model": "admin.logentry", "pk": 36, "fields": {"action_time": "2022-12-12T05:47:00.039Z", "user": 1, "content_type": 15, "object_id": "1", "object_repr": "<Profile: xgf for xgf", "action_flag": 3, "change_message": ""}}, {"model": "admin.logentry", "pk": 37, "fields": {"action_time": "2022-12-12T05:47:17.971Z", "user": 1, "content_type": 15, "object_id": "2", "object_repr": "<Profile: \u8096 for xgf", "action_flag": 1, "change_message": "[{\"added\": {}}]"}}, {"model": "admin.logentry", "pk": 38, "fields": {"action_time": "2022-12-12T08:55:52.006Z", "user": 1, "content_type": 4, "object_id": "4", "object_repr": "xxx", "action_flag": 2, "change_message": "[{\"changed\": {\"fields\": [\"email\", \"last_login\"]}}]"}}, {"model": "admin.logentry", "pk": 39, "fields": {"action_time": "2022-12-13T05:33:15.317Z", "user": 1, "content_type": 4, "object_id": "1", "object_repr": "xgf", "action_flag": 2, "change_message": "[{\"changed\": {\"fields\": [\"email\", \"last_login\"]}}]"}}, {"model": "admin.logentry", "pk": 40, "fields": {"action_time": "2022-12-13T05:45:48.369Z", "user": 1, "content_type": 4, "object_id": "5", "object_repr": "xgf1", "action_flag": 3, "change_message": ""}}, {"model": "admin.logentry", "pk": 41, "fields": {"action_time": "2022-12-13T05:45:48.480Z", "user": 1, "content_type": 4, "object_id": "6", "object_repr": "xgf2", "action_flag": 3, "change_message": ""}}, {"model": "admin.logentry", "pk": 42, "fields": {"action_time": "2022-12-13T05:47:20.938Z", "user": 1, "content_type": 4, "object_id": "7", "object_repr": "xgf1", "action_flag": 3, "change_message": ""}}, {"model": "admin.logentry", "pk": 43, "fields": {"action_time": "2022-12-13T07:03:51.708Z", "user": 1, "content_type": 4, "object_id": "1", "object_repr": "xgf", "action_flag": 2, "change_message": "[{\"changed\": {\"fields\": [\"email\", \"last_login\"]}}]"}}, {"model": "admin.logentry", "pk": 44, "fields": {"action_time": "2022-12-13T07:57:28.076Z", "user": 1, "content_type": 4, "object_id": "4", "object_repr": "xxx", "action_flag": 2, "change_message": "[{\"changed\": {\"fields\": [\"email\", \"last_login\"]}}]"}}, {"model": "admin.logentry", "pk": 45, "fields": {"action_time": "2022-12-13T07:57:35.979Z", "user": 1, "content_type": 4, "object_id": "1", "object_repr": "xgf", "action_flag": 2, "change_message": "[{\"changed\": {\"fields\": [\"email\", \"last_login\"]}}]"}}, {"model": "admin.logentry", "pk": 46, "fields": {"action_time": "2022-12-13T08:02:14.022Z", "user": 1, "content_type": 4, "object_id": "4", "object_repr": "xxx", "action_flag": 2, "change_message": "[{\"changed\": {\"name\": \"profile\", \"object\": \"<Profile: test for xxx>\", \"fields\": [\"nickname\"]}}]"}}]